<?xml version="1.0"?>
<doc>
    <assembly>
        <name>Divisionsmatch</name>
    </assembly>
    <members>
        <member name="T:Divisionsmatch.Bane">
            <summary>
            klasse til en Bane
            </summary>
        </member>
        <member name="M:Divisionsmatch.Bane.#ctor">
            <summary>
            constructor
            </summary>
        </member>
        <member name="M:Divisionsmatch.Bane.#ctor(System.String)">
            <summary>
            constructor for en bestemt bane
            </summary>
            <param name="banenavn"></param>
        </member>
        <member name="P:Divisionsmatch.Bane.Navn">
            <summary>
            banens navn
            </summary>
        </member>
        <member name="M:Divisionsmatch.Bane.LavTXToverskrift">
            <summary>
            metode til at give en ovrskrift som TXT
            </summary>
            <returns></returns>
        </member>
        <member name="M:Divisionsmatch.Bane.LavHTMLoverskrift">
            <summary>
            lave en overskrift for banen i HTML
            </summary>
            <returns></returns>
        </member>
        <member name="T:Divisionsmatch.Config">
            <summary>
            klasse til divisionmatch konfiguration
            </summary>
        </member>
        <member name="M:Divisionsmatch.Config.#ctor">
            <summary>
            constructor
            </summary>
        </member>
        <member name="M:Divisionsmatch.Config.#ctor(System.Boolean)">
            <summary>
            constructor
            </summary>
            <param name="initialize"> start med en tom config</param>
        </member>
        <member name="P:Divisionsmatch.Config.Version">
            <summary>
            version af XML format
            </summary>
        </member>
        <member name="P:Divisionsmatch.Config.DivisionsResultatFil">
            <summary>
            relativ sti til filen fra o-service
            </summary>
        </member>
        <member name="P:Divisionsmatch.Config.Division">
            <summary>
            division
            </summary>
        </member>
        <member name="P:Divisionsmatch.Config.gruppeOgKlasse">
            <summary>
            liste af grupper og klasser i divisionmatchen
            </summary>
        </member>
        <member name="P:Divisionsmatch.Config.Klubber">
            <summary>
            klubberne i matchen
            </summary>
        </member>
        <member name="P:Divisionsmatch.Config.udeblevneKlubber">
            <summary>
            listen af udeblevne klubber
            </summary>
        </member>
        <member name="P:Divisionsmatch.Config.pageSettings">
            <summary>
            page settings
            </summary>
        </member>
        <member name="P:Divisionsmatch.Config.classes">
            <summary>
            liste af klasser
            </summary>
        </member>
        <member name="P:Divisionsmatch.Config.baner">
            <summary>
            lister af baner
            </summary>
        </member>
        <member name="P:Divisionsmatch.Config.font">
            <summary>
            font som kan gemmes til XML
            </summary>
        </member>
        <member name="P:Divisionsmatch.Config.Dato">
            <summary>
            Stævnets løsdato
            </summary>
        </member>
        <member name="P:Divisionsmatch.Config.Kreds">
            <summary>
            stævnets kreds
            </summary>
        </member>
        <member name="P:Divisionsmatch.Config.Skov">
            <summary>
            stævnets skov
            </summary>
        </member>
        <member name="P:Divisionsmatch.Config.Type">
            <summary>
            stævnets Type
            </summary>
        </member>
        <member name="P:Divisionsmatch.Config.Beskrivelse">
            <summary>
            Beskrivelse af stævnet
            </summary>
        </member>
        <member name="P:Divisionsmatch.Config.Runde">
            <summary>
            stævnets runde
            </summary>
        </member>
        <member name="P:Divisionsmatch.Config.NeedEdit">
            <summary>
            validering om en åbnet konfiguration er komplet
            </summary>
        </member>
        <member name="P:Divisionsmatch.Config.SideSkift">
            <summary>
            skal print ske med sideskift
            </summary>
        </member>
        <member name="P:Divisionsmatch.Config.PrintBaner">
            <summary>
            skal resultater printes per bane
            </summary>
        </member>
        <member name="P:Divisionsmatch.Config.PrintAlle">
            <summary>
            skal alle grupper/baner printes?
            </summary>
        </member>
        <member name="P:Divisionsmatch.Config.PrintNye">
            <summary>
            skal vi kun printe nye sider
            </summary>
        </member>
        <member name="P:Divisionsmatch.Config.PrintAlleGrupper">
            <summary>
            skal alle grupper printes?
            </summary>
        </member>
        <member name="P:Divisionsmatch.Config.AutoPrint">
            <summary>
            skal der printes når ny beregning er foretaget?
            </summary>
        </member>
        <member name="P:Divisionsmatch.Config.PrintDiviResultat">
            <summary>
            skal der divisionsresultat inkluderes i print
            </summary>
        </member>
        <member name="P:Divisionsmatch.Config.InklTidligere">
            <summary>
            skal der divisionsresultat printes inkl tidligere runder?
            </summary>
        </member>
        <member name="P:Divisionsmatch.Config.AutoExport">
            <summary>
            skal der eksporteres når ny beregning er foretaget?
            </summary>
        </member>
        <member name="P:Divisionsmatch.Config.ConfigClassSrc">
            <summary>
            type afinput til klasser csv/xml 
            </summary>
        </member>
        <member name="P:Divisionsmatch.Config.CssFile">
            <summary>
            giv stien til CSS filen som laves
            </summary>
        </member>
        <member name="P:Divisionsmatch.Config.StartTid">
            <summary>
            løbets starttid (til startliste)
            </summary>
        </member>
        <member name="M:Divisionsmatch.Config.LoadDivi(System.String)">
            <summary>
            metode til at loade en divi fil
            </summary>
            <param name="diviFil">sti til divi fil</param>
            <returns>returner en Config</returns>
        </member>
        <member name="M:Divisionsmatch.Config.LoadKlasserOgBaner(System.String)">
            <summary>
            metode til at loade klubber og klasser fra csv/xml fil
            </summary>
            <param name="txtXMLFile"></param>
        </member>
        <member name="M:Divisionsmatch.Config.SaveDivi(System.String)">
            <summary>
            Gem config i divi-fil
            </summary>
            <param name="filename">divi-fil</param>
        </member>
        <member name="M:Divisionsmatch.Config.Clone">
            <summary>
            lav en klon af config
            </summary>
            <returns></returns>
        </member>
        <member name="T:Divisionsmatch.Division">
            <summary>
            klasse til at holde en division
            </summary>
        </member>
        <member name="P:Divisionsmatch.Division.Nr">
            <summary>
            divisionsnummer
            </summary>
        </member>
        <member name="P:Divisionsmatch.Division.Beskrivelse">
            <summary>
            beskrivelse af divisionen
            </summary>
        </member>
        <member name="M:Divisionsmatch.Division.#ctor">
            <summary>
            default constructor
            </summary>
        </member>
        <member name="M:Divisionsmatch.Division.#ctor(System.Int32,System.String)">
            <summary>
            constructor med bestemt nummer og beskrivelse
            </summary>
            <param name="d">nummer</param>
            <param name="b">beskrivelse</param>
        </member>
        <member name="M:Divisionsmatch.Division.ToString">
            <summary>
            default beskrivelse
            </summary>
            <returns></returns>
        </member>
        <member name="T:Divisionsmatch.DivisionsResultat.Klub">
            <summary>
            klub i en divisionsmatch
            </summary>
        </member>
        <member name="P:Divisionsmatch.DivisionsResultat.Klub.Id">
            <summary>
            klubbens id
            </summary>
        </member>
        <member name="P:Divisionsmatch.DivisionsResultat.Klub.Navn">
            <summary>
            klubbens navn
            </summary>
        </member>
        <member name="P:Divisionsmatch.DivisionsResultat.Klub.Placering">
            <summary>
            klubbens placering i en divisionsmatch
            </summary>
        </member>
        <member name="P:Divisionsmatch.DivisionsResultat.Klub.MatchPoint">
            <summary>
            klubbens Matchpoint i en divisionsmatch
            </summary>
        </member>
        <member name="P:Divisionsmatch.DivisionsResultat.Klub.LøbsPoint">
            <summary>
            klubbens løbspoint  i en divisionsmatch
            </summary>
        </member>
        <member name="P:Divisionsmatch.DivisionsResultat.Klub.Kommentar">
            <summary>
            
            </summary>
        </member>
        <member name="P:Divisionsmatch.DivisionsResultat.Klub.Udebleven">
            <summary>
            
            </summary>
        </member>
        <member name="M:Divisionsmatch.DivisionsResultat.Klub.Clone">
            <summary>
            skal be klon
            </summary>
            <returns></returns>
        </member>
        <member name="T:Divisionsmatch.DivisionsResultat.KlubId">
            <summary>
            klasse til at holde id og type
            </summary>
        </member>
        <member name="M:Divisionsmatch.DivisionsResultat.KlubId.#ctor">
            <summary>
            constructor
            </summary>
        </member>
        <member name="P:Divisionsmatch.DivisionsResultat.KlubId.Id">
            <summary>
            Id for en klub
            </summary>
        </member>
        <member name="P:Divisionsmatch.DivisionsResultat.KlubId.Type">
            <summary>
            kilde til id
            </summary>
        </member>
        <member name="M:Divisionsmatch.DivisionsResultat.KlubId.Clone">
            <summary>
            skal be klon
            </summary>
            <returns></returns>
        </member>
        <member name="T:Divisionsmatch.DivisionsResultat.Match">
            <summary>
            match imellem 2 klubber i et stævne
            </summary>
        </member>
        <member name="M:Divisionsmatch.DivisionsResultat.Match.PointMod(System.String,System.String)">
            <summary>
            find point for en klub mod en anden
            </summary>
            <param name="klub"></param>
            <param name="modKlub"></param>
            <returns></returns>
        </member>
        <member name="M:Divisionsmatch.DivisionsResultat.Match.ModstanderPoint(System.String,System.String)">
            <summary>
            find point imod en klub fra en anden
            </summary>
            <param name="klub"></param>
            <param name="modKlub"></param>
            <returns></returns>
        </member>
        <member name="M:Divisionsmatch.DivisionsResultat.Match.Clone">
            <summary>
            make a clone
            </summary>
            <returns></returns>
        </member>
        <member name="T:Divisionsmatch.DivisionsResultat.MatchKlub">
            <summary>
            klubber i en match
            </summary>
        </member>
        <member name="T:Divisionsmatch.DivisionsResultat.Løber">
            <summary>
            løber i et stævne
            </summary>
        </member>
        <member name="P:Divisionsmatch.DivisionsResultat.Løber.StNr">
            <summary>
            løberens startummer
            </summary>
        </member>
        <member name="P:Divisionsmatch.DivisionsResultat.Løber.Fornavn">
            <summary>
            løberens fornavn
            </summary>
        </member>
        <member name="P:Divisionsmatch.DivisionsResultat.Løber.EfterNavn">
            <summary>
            løberens efternavn
            </summary>
        </member>
        <member name="P:Divisionsmatch.DivisionsResultat.Løber.Løbsklasse">
            <summary>
            løbklassen
            </summary>
        </member>
        <member name="P:Divisionsmatch.DivisionsResultat.Løber.GruppeKlasse">
            <summary>
            Løberens gruppeklasse
            </summary>
        </member>
        <member name="P:Divisionsmatch.DivisionsResultat.Løber.Gruppe">
            <summary>
            Løberens gruppe
            </summary>
        </member>
        <member name="P:Divisionsmatch.DivisionsResultat.Løber.KlubNavn">
            <summary>
            navn på løberens klub
            </summary>
        </member>
        <member name="P:Divisionsmatch.DivisionsResultat.Løber.StartTid">
            <summary>
            løberens start tid
            </summary>
        </member>
        <member name="P:Divisionsmatch.DivisionsResultat.Løber.Tid">
            <summary>
            løberens Tid
            </summary>
        </member>
        <member name="P:Divisionsmatch.DivisionsResultat.Løber.Placering">
            <summary>
            løberens placering i klassen
            </summary>
        </member>
        <member name="P:Divisionsmatch.DivisionsResultat.Løber.Status">
            <summary>
            løberens status
            </summary>
        </member>
        <member name="M:Divisionsmatch.DivisionsResultat.Løber.Clone">
            <summary>
            lav en klon
            </summary>
            <returns></returns>
        </member>
        <member name="T:Divisionsmatch.DivisionsResultat.DivisionsMatchResultat">
            <summary>
            klasse for en stævne
            </summary>
        </member>
        <member name="P:Divisionsmatch.DivisionsResultat.DivisionsMatchResultat.Dato">
            <summary>
            datoen for stævnet
            </summary>
        </member>
        <member name="P:Divisionsmatch.DivisionsResultat.DivisionsMatchResultat.Runde">
            <summary>
            Stævnets runde i divisionen
            </summary>
        </member>
        <member name="P:Divisionsmatch.DivisionsResultat.DivisionsMatchResultat.Skov">
            <summary>
            Stævnets skov
            </summary>
        </member>
        <member name="P:Divisionsmatch.DivisionsResultat.DivisionsMatchResultat.Beskriv">
            <summary>
            beskrivelse
            </summary>
        </member>
        <member name="P:Divisionsmatch.DivisionsResultat.DivisionsMatchResultat.Klubber">
            <summary>
            liste af klubber i matchen
            </summary>
        </member>
        <member name="P:Divisionsmatch.DivisionsResultat.DivisionsMatchResultat.Matcher">
            <summary>
            liste af klubmatcher i stævnet
            </summary>
        </member>
        <member name="P:Divisionsmatch.DivisionsResultat.DivisionsMatchResultat.Løbere">
            <summary>
            løbere i stævnet
            </summary>
        </member>
        <member name="M:Divisionsmatch.DivisionsResultat.DivisionsMatchResultat.PointMod(System.String,System.Collections.Generic.List{System.String})">
            <summary>
            find sum af point for en klub mod en anden i alle matcher
            </summary>
            <param name="klub"></param>
            <param name="klubber"></param>
            <returns>point</returns>
        </member>
        <member name="M:Divisionsmatch.DivisionsResultat.DivisionsMatchResultat.ModstanderPoint(System.String,System.Collections.Generic.List{System.String})">
            <summary>
            find sum af point for andre klubber mod en klub i alle matcher
            </summary>
            <param name="klub"></param>
            <param name="klubber"></param>
            <returns>point</returns>
        </member>
        <member name="M:Divisionsmatch.DivisionsResultat.DivisionsMatchResultat.Clone">
            <summary>
            lav en klon
            </summary>
            <returns>klon</returns>
        </member>
        <member name="T:Divisionsmatch.DivisionsResultat.DivisionsResultat">
            <summary>
            top klasse for en liste af stævner i en division
            </summary>
        </member>
        <member name="P:Divisionsmatch.DivisionsResultat.DivisionsResultat.Version">
            <summary>
            vesion of the XML schema
            </summary>
        </member>
        <member name="P:Divisionsmatch.DivisionsResultat.DivisionsResultat.År">
            <summary>
            året for divisionsmatcherne - alle stævner skal have samme år
            </summary>
        </member>
        <member name="P:Divisionsmatch.DivisionsResultat.DivisionsResultat.Division">
            <summary>
            divisionen - alle stævner skal have samme division
            </summary>
        </member>
        <member name="P:Divisionsmatch.DivisionsResultat.DivisionsResultat.Kreds">
            <summary>
            Kredsen for divisionen - alle stævner skal have samme kreds
            </summary>
        </member>
        <member name="P:Divisionsmatch.DivisionsResultat.DivisionsResultat.DivisionsMatchResultater">
            <summary>
            liste af stævner
            </summary>
        </member>
        <member name="P:Divisionsmatch.DivisionsResultat.DivisionsResultat.DivisionsStilling">
            <summary>
            liste af stævner
            </summary>
        </member>
        <member name="M:Divisionsmatch.DivisionsResultat.DivisionsResultat.#ctor">
            <summary>
            constructor
            </summary>
        </member>
        <member name="M:Divisionsmatch.DivisionsResultat.DivisionsResultat.PointMod(System.String,System.Collections.Generic.List{System.String})">
            <summary>
            find point for en klub mod andre klubber
            </summary>
            <param name="klub"></param>
            <param name="klubber"></param>
            <returns>point</returns>
        </member>
        <member name="M:Divisionsmatch.DivisionsResultat.DivisionsResultat.ModstanderPoint(System.String,System.Collections.Generic.List{System.String})">
            <summary>
            find point for andre klubber mod en klub
            </summary>
            <param name="klub"></param>
            <param name="klubber"></param>
            <returns>point</returns>
        </member>
        <member name="M:Divisionsmatch.DivisionsResultat.DivisionsResultat.CheckStaevne(Divisionsmatch.Staevne,System.String@)">
            <summary>
            check om stævnet er kompatibelt med divisionsresultatet
            </summary>
            <param name="staevne">stævne</param>
            <param name="msg">evt retur fejlbesked</param>
            <returns>true/false</returns>
        </member>
        <member name="M:Divisionsmatch.DivisionsResultat.DivisionsResultat.Clone">
            <summary>
            lave en klon
            </summary>
            <returns>klon</returns>
        </member>
        <member name="M:Divisionsmatch.DivisionsResultat.DivisionsResultat.TotalDivisionsResultat(Divisionsmatch.Staevne)">
            <summary>
            konstruer samlet divisionsresultat ved at lægge stævnet til
            </summary>
            <param name="staevne">stævnet som skal lægges til tidligere resultater</param>
            <returns>nyt divisionresultat</returns>
        </member>
        <member name="M:Divisionsmatch.DivisionsResultat.DivisionsResultat.BeregnStilling(Divisionsmatch.Staevne)">
            <summary>
            Beregn stilling ved at lægge stævnet til
            </summary>
            <param name="staevne">stævnet som skal lægges til tidligere resultater</param>
            <returns>data table med data</returns>
        </member>
        <member name="M:Divisionsmatch.DivisionsResultat.DivisionsResultat.RundeMatch.PointMod(System.Collections.Generic.List{System.String})">
            <summary>
            find sum af point for en klub mod en anden i alle matcher
            </summary>
            <param name="klubber"></param>
            <returns></returns>
        </member>
        <member name="M:Divisionsmatch.DivisionsResultat.DivisionsResultat.RundeResultat.PointMod(System.String,System.Collections.Generic.List{System.String})">
            <summary>
            find sum af point for en klub mod en anden i alle matcher
            </summary>
            <param name="klub"></param>
            <param name="klubber"></param>
            <returns></returns>
        </member>
        <member name="P:Divisionsmatch.DivisionsResultat.DivisionsResultat.TotalKlubResultat.kommentar">
            <summary>
            kommentar for et resultat som forklarer indbyrdes score eller pladser
            </summary>
        </member>
        <member name="M:Divisionsmatch.DivisionsResultat.DivisionsResultat.TotalKlubResultat.PointMod(System.Collections.Generic.List{System.String})">
            <summary>
            find sum af point for klubben mod de andre i alle matcher
            </summary>
            <param name="klubber"></param>
            <returns></returns>
        </member>
        <member name="M:Divisionsmatch.DivisionsResultat.DivisionsResultat.PrintResultText(Divisionsmatch.Staevne)">
            <summary>
            formatter hele resultatlisten som txt
            </summary>
            <returns>hele resultatet som txt</returns>
        </member>
        <member name="M:Divisionsmatch.DivisionsResultat.DivisionsResultat.PrintResultHtml(Divisionsmatch.Staevne)">
            <summary>
            formatter hele resultatlisten som txt
            </summary>
            <returns>hele resultatet som txt</returns>
        </member>
        <member name="M:Divisionsmatch.DivisionsResultat.DivisionsResultat.ConvertDataTableToString(System.Data.DataTable)">
            <summary>
            convert a data table to a nice txt table
            </summary>
            <param name="dataTable"></param>
            <returns></returns>
        </member>
        <member name="M:Divisionsmatch.DivisionsResultat.DivisionsResultat.ConvertDataTableToHtml(System.Data.DataTable)">
            <summary>
            convert a data table to a nice txt table
            </summary>
            <param name="dataTable"></param>
            <returns></returns>
        </member>
        <member name="T:Divisionsmatch.SerializableFont">
            <summary>
            klasse til en font som kan gemmes som XML
            </summary>
        </member>
        <member name="M:Divisionsmatch.SerializableFont.#ctor">
            <summary>
            constructor
            </summary>
        </member>
        <member name="M:Divisionsmatch.SerializableFont.#ctor(System.Drawing.Font)">
            <summary>
            constructor på windows font
            </summary>
            <param name="font"></param>
        </member>
        <member name="P:Divisionsmatch.SerializableFont.FontValue">
            <summary>
            font
            </summary>
        </member>
        <member name="P:Divisionsmatch.SerializableFont.SerializeFontAttribute">
            <summary>
            converteret font
            </summary>
        </member>
        <member name="M:Divisionsmatch.SerializableFont.op_Implicit(Divisionsmatch.SerializableFont)~System.Drawing.Font">
            <summary>
            operator
            </summary>
            <param name="serializeableFont"></param>
        </member>
        <member name="M:Divisionsmatch.SerializableFont.op_Implicit(System.Drawing.Font)~Divisionsmatch.SerializableFont">
            <summary>
            operator
            </summary>
            <param name="font"></param>
        </member>
        <member name="T:Divisionsmatch.FontXmlConverter">
            <summary>
            static class o convert font to string
            </summary>
        </member>
        <member name="M:Divisionsmatch.FontXmlConverter.ConvertToString(System.Drawing.Font)">
            <summary>
            lav fint som string 
            </summary>
            <param name="font"></param>
            <returns>string</returns>
        </member>
        <member name="M:Divisionsmatch.FontXmlConverter.ConvertToFont(System.String)">
            <summary>
            metode til at konvereter font fra string
            </summary>
            <param name="fontString">font som string</param>
            <returns>font</returns>
        </member>
        <member name="T:Divisionsmatch.Staevne">
            <summary>
            klasse for et stævne
            </summary>
        </member>
        <member name="M:Divisionsmatch.Staevne.#ctor(System.String)">
            <summary>
            Lav et tomt stævne
            </summary>
            <param name="Productversion">versionen af programmet</param>
        </member>
        <member name="M:Divisionsmatch.Staevne.GetMatcher(Divisionsmatch.Staevne,System.Collections.Generic.IList{Divisionsmatch.Klub})">
            <summary>
            find ud af kombinationerne af klubber som løber mod hinanden
            </summary>
            <param name="staevne">stævnet det handler om</param>
            <param name="klubber">listen af klubber i stævnet</param>
            <returns>liste af matcher</returns>
        </member>
        <member name="P:Divisionsmatch.Staevne.division">
            <summary>
            nummer på divisionen
            </summary>
        </member>
        <member name="P:Divisionsmatch.Staevne.Klubber">
            <summary>
            listen af klubber i stævnet
            </summary>
        </member>
        <member name="P:Divisionsmatch.Staevne.Matcher">
            <summary>
            listen af matcher i stævnet
            </summary>
        </member>
        <member name="P:Divisionsmatch.Staevne.Grupper">
            <summary>
             listen af grupper i stævnet
            </summary>
        </member>
        <member name="P:Divisionsmatch.Staevne.Loebere">
            <summary>
            løberne i stævnet sorteret efter klub
            </summary>
        </member>
        <member name="P:Divisionsmatch.Staevne.Config">
            <summary>
            configurationen af divisionsmatchprogrammet
            </summary>
        </member>
        <member name="P:Divisionsmatch.Staevne.KlubberEfterPlacering">
            <summary>
            få en list af klubber sorteret efter deres placering i stævnet
            </summary>
        </member>
        <member name="P:Divisionsmatch.Staevne.Dato">
            <summary>
            Stævnets dato
            </summary>
        </member>
        <member name="M:Divisionsmatch.Staevne.Beregnpoint(Divisionsmatch.Config,System.String)">
            <summary>
            beregn point i stævnet
            </summary>
            <param name="config">configurationen der skal bruges</param>
            <param name="filnavn">sti til resultat filen</param>
        </member>
        <member name="M:Divisionsmatch.Staevne.Beregnpoint(System.String)">
            <summary>
            beregn for dette stævne (config er indlæst)
            </summary>
            <param name="filnavn">stil til resultat filen</param>
        </member>
        <member name="M:Divisionsmatch.Staevne.Printstilling(System.Boolean)">
            <summary>
            formatter stævnets resultatet som HTML eller txt
            </summary>
            <param name="html">er formatet HTML (true) eller txt(false)</param>
            <returns></returns>
        </member>
        <member name="M:Divisionsmatch.Staevne.Printmatcher">
            <summary>
            formatter hele resultatlisten som txt
            </summary>
            <returns>hele resultatet som txt</returns>
        </member>
        <member name="M:Divisionsmatch.Staevne.LavTXTafsnit(Divisionsmatch.Config)">
            <summary>
            returner en lista af stillinger i txt per gruppe eller bane til brug ved sammenlingning
            </summary>
            <param name="config">configurationen som definerer hvad der skal laves</param>
            <returns></returns>
        </member>
        <member name="M:Divisionsmatch.Staevne.LavHTMLafsnit(Divisionsmatch.Config)">
            <summary>
            lav en liste af HTML formatterede afsnit tilburg ved sammenligning
            </summary>
            <param name="config"></param>
            <returns>liste af html strings</returns>
        </member>
        <member name="M:Divisionsmatch.Staevne.LavHTML(System.Collections.Generic.List{System.String})">
            <summary>
            Lav et afsnit i HTML
            </summary>
            <param name="sections">de sektioner som skal indgå i HTML</param>
            <returns>html string</returns>
        </member>
        <member name="M:Divisionsmatch.Staevne.GetHTMLStyle">
            <summary>
            returner CSS tag
            </summary>
            <returns>string med CSS style eller tag</returns>
        </member>
        <member name="M:Divisionsmatch.Staevne.Dispose">
            Public implementation of Dispose pattern callable by consumers. 
        </member>
        <member name="M:Divisionsmatch.Staevne.Dispose(System.Boolean)">
            Protected implementation of Dispose pattern. 
        </member>
        <member name="M:Divisionsmatch.Staevne.Finalize">
            desctuctor
        </member>
        <member name="E:Divisionsmatch.Staevne.BeregningSlut">
            <summary>
            event som sende når beregningen er slut
            </summary>
        </member>
        <member name="M:Divisionsmatch.Staevne.OnBeregningSlut(System.EventArgs)">
            <summary>
            event handler
            </summary>
            <param name="e"></param>
        </member>
        <member name="T:Divisionsmatch.frmBeregnPop">
            <summary>
            dialog til at vise pop-up ifm beregning
            </summary>
        </member>
        <member name="M:Divisionsmatch.frmBeregnPop.#ctor">
            <summary>
            constructor
            </summary>
        </member>
        <member name="M:Divisionsmatch.frmBeregnPop.#ctor(System.String)">
            <summary>
            constructor med message
            </summary>
            <param name="msg"></param>
        </member>
        <member name="F:Divisionsmatch.frmBeregnPop.components">
            <summary>
            Required designer variable.
            </summary>
        </member>
        <member name="M:Divisionsmatch.frmBeregnPop.Dispose(System.Boolean)">
            <summary>
            Clean up any resources being used.
            </summary>
            <param name="disposing">true if managed resources should be disposed; otherwise, false.</param>
        </member>
        <member name="M:Divisionsmatch.frmBeregnPop.InitializeComponent">
            <summary>
            Required method for Designer support - do not modify
            the contents of this method with the code editor.
            </summary>
        </member>
        <member name="T:Divisionsmatch.frmDivi">
            <summary>
            main form
            </summary>
        </member>
        <member name="F:Divisionsmatch.frmDivi.autoUpdateSiteURL">
            <summary>
            URL for auto update
            </summary>
        </member>
        <member name="F:Divisionsmatch.frmDivi.autoUpdateURL">
            <summary>
            URL for auto update
            </summary>
        </member>
        <member name="F:Divisionsmatch.frmDivi.autoUpdateTestURL">
            <summary>
            URL for auto update
            </summary>
        </member>
        <member name="M:Divisionsmatch.frmDivi.#ctor(System.String[])">
            <summary>
            lav en dialog
            </summary>
            <param name="args"></param>
        </member>
        <member name="M:Divisionsmatch.frmDivi.InitPrint">
            <summary>
            print
            </summary>
            <returns></returns>
        </member>
        <member name="M:Divisionsmatch.frmDivi.PrintPage(System.Object,System.Drawing.Printing.PrintPageEventArgs)">
            <summary>
             print en side
            </summary>
            <param name="sender"></param>
            <param name="e"></param>
        </member>
        <member name="F:Divisionsmatch.frmDivi.components">
            <summary>
            Required designer variable.
            </summary>
        </member>
        <member name="M:Divisionsmatch.frmDivi.Dispose(System.Boolean)">
            <summary>
            Clean up any resources being used.
            </summary>
            <param name="disposing">true if managed resources should be disposed; otherwise, false.</param>
        </member>
        <member name="M:Divisionsmatch.frmDivi.InitializeComponent">
            <summary>
            Required method for Designer support - do not modify
            the contents of this method with the code editor.
            </summary>
        </member>
        <member name="T:Divisionsmatch.frmConfig">
            <summary>
            dialog til at lave/rette en konfiguration af et stævne
            </summary>
        </member>
        <member name="P:Divisionsmatch.frmConfig.Config">
            <summary>
            config som oprettes/rettes
            </summary>
        </member>
        <member name="P:Divisionsmatch.frmConfig.editOnly">
            <summary>
            flag som styrer om man retter konfiguration
            </summary>
        </member>
        <member name="P:Divisionsmatch.frmConfig.saveFile">
            <summary>
            fil navn
            </summary>
        </member>
        <member name="M:Divisionsmatch.frmConfig.#ctor(Divisionsmatch.Config)">
            <summary>
            constructor
            </summary>
        </member>
        <member name="F:Divisionsmatch.frmConfig.components">
            <summary>
            Required designer variable.
            </summary>
        </member>
        <member name="M:Divisionsmatch.frmConfig.Dispose(System.Boolean)">
            <summary>
            Clean up any resources being used.
            </summary>
            <param name="disposing">true if managed resources should be disposed; otherwise, false.</param>
        </member>
        <member name="M:Divisionsmatch.frmConfig.InitializeComponent">
            <summary>
            Required method for Designer support - do not modify
            the contents of this method with the code editor.
            </summary>
        </member>
        <member name="F:Divisionsmatch.frmÅbnDivisionsResultat.components">
            <summary>
            Required designer variable.
            </summary>
        </member>
        <member name="M:Divisionsmatch.frmÅbnDivisionsResultat.Dispose(System.Boolean)">
            <summary>
            Clean up any resources being used.
            </summary>
            <param name="disposing">true if managed resources should be disposed; otherwise, false.</param>
        </member>
        <member name="M:Divisionsmatch.frmÅbnDivisionsResultat.InitializeComponent">
            <summary>
            Required method for Designer support - do not modify
            the contents of this method with the code editor.
            </summary>
        </member>
        <member name="T:Divisionsmatch.frmGemDivisionsResultat">
            <summary>
            dialog klasse for at gemme divisionsresultat
            </summary>
        </member>
        <member name="M:Divisionsmatch.frmGemDivisionsResultat.#ctor">
            <summary>
            constructor
            </summary>
        </member>
        <member name="P:Divisionsmatch.frmGemDivisionsResultat.DivisionsResultat">
            <summary>
            Divisionsresultat
            </summary>
        </member>
        <member name="P:Divisionsmatch.frmGemDivisionsResultat.Staevne">
            <summary>
            staevne
            </summary>
        </member>
        <member name="F:Divisionsmatch.frmGemDivisionsResultat.components">
            <summary>
            Required designer variable.
            </summary>
        </member>
        <member name="M:Divisionsmatch.frmGemDivisionsResultat.Dispose(System.Boolean)">
            <summary>
            Clean up any resources being used.
            </summary>
            <param name="disposing">true if managed resources should be disposed; otherwise, false.</param>
        </member>
        <member name="M:Divisionsmatch.frmGemDivisionsResultat.InitializeComponent">
            <summary>
            Required method for Designer support - do not modify
            the contents of this method with the code editor.
            </summary>
        </member>
        <member name="T:Divisionsmatch.frmOm">
            <summary>
            dialog
            </summary>
        </member>
        <member name="M:Divisionsmatch.frmOm.#ctor">
            <summary>
            constructor
            </summary>
        </member>
        <member name="F:Divisionsmatch.frmOm.components">
            <summary>
            Required designer variable.
            </summary>
        </member>
        <member name="M:Divisionsmatch.frmOm.Dispose(System.Boolean)">
            <summary>
            Clean up any resources being used.
            </summary>
            <param name="disposing">true if managed resources should be disposed; otherwise, false.</param>
        </member>
        <member name="M:Divisionsmatch.frmOm.InitializeComponent">
            <summary>
            Required method for Designer support - do not modify
            the contents of this method with the code editor.
            </summary>
        </member>
        <member name="T:Divisionsmatch.Gruppe">
            <summary>
            gruppe i divisionsmatch reglementet
            </summary>
        </member>
        <member name="M:Divisionsmatch.Gruppe.#ctor(System.String,System.Int32)">
            <summary>
            constructor. kaldes med navn og liste af divisioner
            </summary>
            <param name="n">navnet</param>
            <param name="division">listen af divisioner</param>
        </member>
        <member name="P:Divisionsmatch.Gruppe.navn">
            <summary>
            navnet på gruppen
            </summary>
        </member>
        <member name="P:Divisionsmatch.Gruppe.Klasser">
            <summary>
            returnerer en liste af klasser i denne gruppe
            </summary>
        </member>
        <member name="P:Divisionsmatch.Gruppe.Loebere">
            <summary>
            returnerer en sorteret liste af løbere i denne gruppe
            </summary>
        </member>
        <member name="M:Divisionsmatch.Gruppe.Harløbsklasse(System.String)">
            <summary>
            har gruppen en klasse for ne bestemt løbsklasse
            </summary>
            <param name="klasse">løbsklasse</param>
            <returns>true/false</returns>
        </member>
        <member name="M:Divisionsmatch.Gruppe.MuligePoint">
            <summary>
            få de mulige point i denne gruppe
            </summary>
            <returns>point</returns>
        </member>
        <member name="M:Divisionsmatch.Gruppe.FordelPoint(Divisionsmatch.Match)">
            <summary>
            fordel point på løbere i gruppen for en bestemt match
            </summary>
            <param name="match">match</param>
        </member>
        <member name="M:Divisionsmatch.Gruppe.LavTXTOverskrift">
            <summary>
            Print en gruppe overskrift som TXT
            </summary>
            <returns>overskriften</returns>
        </member>
        <member name="M:Divisionsmatch.Gruppe.LavHTMLoverskrift">
            <summary>
            Lav Gruppens resultat som HTML
            </summary>
            <returns>html</returns>
        </member>
        <member name="T:Divisionsmatch.GruppeOgKlasse">
            <summary>
            klasse for kombination of divisionsmatchklasse i en gruppe og tilsvarende løbsklasse
            </summary>
        </member>
        <member name="P:Divisionsmatch.GruppeOgKlasse.Gruppe">
            <summary>
            gruppen
            </summary>
        </member>
        <member name="P:Divisionsmatch.GruppeOgKlasse.Klasse">
            <summary>
            klassens navn i gruppen
            </summary>
        </member>
        <member name="P:Divisionsmatch.GruppeOgKlasse.LøbsKlasse">
            <summary>
            løbsklasses som er knyttet til 
            </summary>
        </member>
        <member name="T:Divisionsmatch.Klasse">
            <summary>
            klasse for Klasse
            </summary>
        </member>
        <member name="M:Divisionsmatch.Klasse.#ctor">
            <summary>
            constructor
            </summary>
        </member>
        <member name="M:Divisionsmatch.Klasse.#ctor(System.String)">
            <summary>
            lav en Klasse med et bestemt navn
            </summary>
            <param name="navn"></param>
        </member>
        <member name="M:Divisionsmatch.Klasse.#ctor(System.String,Divisionsmatch.Bane)">
            <summary>
            lav en klasse med navn og bane
            </summary>
            <param name="navn">navnet</param>
            <param name="bane">banen</param>
        </member>
        <member name="P:Divisionsmatch.Klasse.Navn">
            <summary>
            Navnet på klassen
            </summary>
        </member>
        <member name="P:Divisionsmatch.Klasse.Bane">
            <summary>
            Banen for klassen
            </summary>
        </member>
        <member name="P:Divisionsmatch.Klasse.DisplayName">
            <summary>
            formattering af klassen
            </summary>
        </member>
        <member name="M:Divisionsmatch.Klasse.ToString">
            <summary>
            default beskrivelse for klassen
            </summary>
            <returns></returns>
        </member>
        <member name="T:Divisionsmatch.Klasseconfig">
            <summary>
            klasse til at holde reglementets kombination af grupper og klasser
            </summary>
        </member>
        <member name="P:Divisionsmatch.Klasseconfig.GruppeKlasse">
            <summary>
            reglementets klassebetegnelse
            </summary>
        </member>
        <member name="P:Divisionsmatch.Klasseconfig.LøbsKlasse">
            <summary>
            løbets klassebetegnelse
            </summary>
        </member>
        <member name="P:Divisionsmatch.Klasseconfig.Ungdom">
            <summary>
            er det en ungdomsklasse?
            </summary>
        </member>
        <member name="M:Divisionsmatch.Klasseconfig.#ctor(System.String,Divisionsmatch.Klasse)">
            <summary>
            constructor.
            </summary>
            <param name="gruppeklasse">reglementets klassebetegnelse</param>
            <param name="løbsklasse">løbets klassebetegnelse</param>
        </member>
        <member name="T:Divisionsmatch.Klub">
            <summary>
            klasse for en klub med navn og point
            </summary>
        </member>
        <member name="M:Divisionsmatch.Klub.#ctor">
            <summary>
            constructor
            </summary>
        </member>
        <member name="M:Divisionsmatch.Klub.#ctor(System.String,System.String)">
            <summary>
            constructor for en klub med et navn
            </summary>
            <param name="id"></param>
            <param name="navn"></param>
        </member>
        <member name="P:Divisionsmatch.Klub.Id">
            <summary>
            navnet på klubben
            </summary>
        </member>
        <member name="P:Divisionsmatch.Klub.Navn">
            <summary>
            navnet på klubben
            </summary>
        </member>
        <member name="P:Divisionsmatch.Klub.Udeblevet">
            <summary>
            er klubben udenblevet?
            </summary>
        </member>
        <member name="P:Divisionsmatch.Klub.Point">
            <summary>
             klubbens point
            </summary>
        </member>
        <member name="P:Divisionsmatch.Klub.Score1">
            <summary>
            klubbens score
            </summary>
        </member>
        <member name="P:Divisionsmatch.Klub.Score2">
            <summary>
            klubbens score imod sig
            </summary>
        </member>
        <member name="P:Divisionsmatch.Klub.EgenScore">
            <summary>
            klubbens egnescore mod andre klubber med samme matchpoint
            </summary>
        </member>
        <member name="P:Divisionsmatch.Klub.Kommentar">
            <summary>
            evt kommentar til klubbens resultat
            </summary>
        </member>
        <member name="M:Divisionsmatch.Klub.ToString">
            <summary>
            standard text
            </summary>
            <returns></returns>
        </member>
        <member name="T:Divisionsmatch.KlubId">
            <summary>
            klasse til at holde id og type
            </summary>
        </member>
        <member name="M:Divisionsmatch.KlubId.#ctor">
            <summary>
            constructor
            </summary>
        </member>
        <member name="P:Divisionsmatch.KlubId.Id">
            <summary>
            Id for en klub
            </summary>
        </member>
        <member name="P:Divisionsmatch.KlubId.Type">
            <summary>
            kilde til id
            </summary>
        </member>
        <member name="T:Divisionsmatch.Loeber">
            <summary>
            klasse eller struktur for en løber
            </summary>
        </member>
        <member name="P:Divisionsmatch.Loeber.Stnr">
            <summary>
            startnummer
            </summary>
        </member>
        <member name="P:Divisionsmatch.Loeber.Fornavn">
            <summary>
            løberens fornavn
            </summary>
        </member>
        <member name="P:Divisionsmatch.Loeber.Efternavn">
            <summary>
            efternavnet
            </summary>
        </member>
        <member name="P:Divisionsmatch.Loeber.Løbsklassenavn">
            <summary>
            løberens løbsklasse
            </summary>
        </member>
        <member name="P:Divisionsmatch.Loeber.Gruppeklasse">
            <summary>
            løbsklassens divisionsmatch klasse
            </summary>
        </member>
        <member name="P:Divisionsmatch.Loeber.Klub">
            <summary>
            løberens klub
            </summary>
        </member>
        <member name="P:Divisionsmatch.Loeber.StartTid">
            <summary>
            løberens starttid
            </summary>
        </member>
        <member name="P:Divisionsmatch.Loeber.Tid">
            <summary>
            løberens tid
            </summary>
        </member>
        <member name="P:Divisionsmatch.Loeber.Placering">
            <summary>
            Løberens placering i klassen
            </summary>
        </member>
        <member name="P:Divisionsmatch.Loeber.Status">
            <summary>
            løberens status løbet
            </summary>
        </member>
        <member name="P:Divisionsmatch.Loeber.Brik">
            <summary>
            løberens briknummmer (til startlisten)
            </summary>
        </member>
        <member name="P:Divisionsmatch.Loeber.Inkl">
            <summary>
            er løberen med i matchen?
            </summary>
        </member>
        <member name="M:Divisionsmatch.Loeber.GetPoint(Divisionsmatch.Match)">
            <summary>
            udtræk løberens point i en match
            </summary>
            <param name="m">matchen</param>
            <returns>point</returns>
        </member>
        <member name="M:Divisionsmatch.Loeber.GetUPoint(Divisionsmatch.Match)">
            <summary>
            udtræk løberens ungdomspoint i en match
            </summary>
            <param name="m">match</param>
            <returns>point</returns>
        </member>
        <member name="M:Divisionsmatch.Loeber.GetSumPoint(Divisionsmatch.Match)">
            <summary>
            udtræk løberens samlede point (alm + ungdom) i en match
            </summary>
            <param name="m">m</param>
            <returns>point</returns>
        </member>
        <member name="M:Divisionsmatch.Loeber.SetPoint(Divisionsmatch.Match,System.Double)">
            <summary>
            set point for løberen i en match
            </summary>
            <param name="m">match</param>
            <param name="p">point</param>
        </member>
        <member name="M:Divisionsmatch.Loeber.SetUPoint(Divisionsmatch.Match,System.Double)">
            <summary>
             sæt ungdomspoint for en løber i en match
            </summary>
            <param name="m">match</param>
            <param name="p">point</param>
        </member>
        <member name="M:Divisionsmatch.Loeber.AddPoint(Divisionsmatch.Match,System.Double)">
            <summary>
             tilføj point til en løber for en match
            </summary>
            <param name="m">match</param>
            <param name="p">point</param>
        </member>
        <member name="M:Divisionsmatch.Loeber.AddUPoint(Divisionsmatch.Match,System.Double)">
            <summary>
            tilføj ungdomspoint til en løbe for en match
            </summary>
            <param name="m">match</param>
            <param name="p">point</param>
        </member>
        <member name="M:Divisionsmatch.Loeber.CompareTo(System.Object)">
            <summary>
            sammenlign en løber med en anden - på startnummer
            </summary>
            <param name="obj"></param>
            <returns></returns>
        </member>
        <member name="P:Divisionsmatch.Loeber.IsStatusOK">
            <summary>
            tjek om løberens Status er OK
            </summary>
        </member>
        <member name="P:Divisionsmatch.Loeber.PrintStatus">
            <summary>
            få en formatteret status
            </summary>
        </member>
        <member name="P:Divisionsmatch.Loeber.NumStatus">
            <summary>
            få status som et nummer
            </summary>
        </member>
        <member name="T:Divisionsmatch.Match">
            <summary>
            klasse for match imellem 2 klubber i stævnet
            </summary>
        </member>
        <member name="P:Divisionsmatch.Match.Klub1">
            <summary>
            klub1
            </summary>
        </member>
        <member name="P:Divisionsmatch.Match.Klub2">
            <summary>
            klub2
            </summary>
        </member>
        <member name="M:Divisionsmatch.Match.#ctor(Divisionsmatch.Staevne,Divisionsmatch.Klub,Divisionsmatch.Klub)">
            <summary>
            constructor for en match imellem klub1 og klub2 i stævnet
            </summary>
            <param name="staevne"></param>
            <param name="k1"></param>
            <param name="k2"></param>
        </member>
        <member name="P:Divisionsmatch.Match.Division">
            <summary>
            stævnets division
            </summary>
        </member>
        <member name="P:Divisionsmatch.Match.HarUdeblevne">
            <summary>
            er en af klubberne udeblevet?
            </summary>
        </member>
        <member name="M:Divisionsmatch.Match.HarKlub(Divisionsmatch.Klub)">
            <summary>
            findes klub i denne match?
            </summary>
            <param name="klub">klub som der spørges på</param>
            <returns>true/false</returns>
        </member>
        <member name="M:Divisionsmatch.Match.Loebspoint1(System.Collections.Generic.SortedList{System.String,Divisionsmatch.Loeber})">
            <summary>
            points for en gruppe af løbere i klub1. 0 if the klub1 er udeblevet. det halve hvis klub2 er udeblevet
            </summary>
            <param name="loebere">liste af løbere</param>
            <returns>point</returns>
        </member>
        <member name="M:Divisionsmatch.Match.Loebspoint2(System.Collections.Generic.SortedList{System.String,Divisionsmatch.Loeber})">
            <summary>
            points for en gruppe af løbere i klub2. 0 if the klub2 er udeblevet. det halve hvis klub1 er udeblevet
            </summary>
            <param name="loebere">liste af løbere</param>
            <returns>point</returns>
        </member>
        <member name="M:Divisionsmatch.Match.Score1">
            <summary>
            match score for klub1 i kampen
            </summary>
            <returns></returns>
        </member>
        <member name="M:Divisionsmatch.Match.Score2">
            <summary>
            match score for klub2 i kampen
            </summary>
            <returns></returns>
        </member>
        <member name="M:Divisionsmatch.Match.Matchpoint1(System.Collections.Generic.SortedList{System.String,Divisionsmatch.Loeber})">
            <summary>
            match point for klub1
            </summary>
            <param name="loebere"></param>
            <returns></returns>
        </member>
        <member name="M:Divisionsmatch.Match.Matchpoint2(System.Collections.Generic.SortedList{System.String,Divisionsmatch.Loeber})">
            <summary>
            match point for klub2
            </summary>
            <param name="loebere"></param>
            <returns></returns>
        </member>
        <member name="M:Divisionsmatch.Program.Main(System.String[])">
            <summary>
            The main entry point for the application.
            </summary>
            <param name="args">Array of arguments.</param>
        </member>
        <member name="T:Divisionsmatch.frmSetup">
            <summary>
            dialog til print setup
            </summary>
        </member>
        <member name="M:Divisionsmatch.frmSetup.#ctor">
            <summary>
            constructor
            </summary>
        </member>
        <member name="F:Divisionsmatch.frmSetup.components">
            <summary>
            Required designer variable.
            </summary>
        </member>
        <member name="M:Divisionsmatch.frmSetup.Dispose(System.Boolean)">
            <summary>
            Clean up any resources being used.
            </summary>
            <param name="disposing">true if managed resources should be disposed; otherwise, false.</param>
        </member>
        <member name="M:Divisionsmatch.frmSetup.InitializeComponent">
            <summary>
            Required method for Designer support - do not modify
            the contents of this method with the code editor.
            </summary>
        </member>
        <member name="T:Divisionsmatch.frmStartListe">
            <summary>
            dialog til at lave en startliste
            </summary>
        </member>
        <member name="M:Divisionsmatch.frmStartListe.#ctor(Divisionsmatch.Config)">
            <summary>
            constructor
            </summary>
            <param name="config">stævnets config</param>
        </member>
        <member name="F:Divisionsmatch.frmStartListe.components">
            <summary>
            Required designer variable.
            </summary>
        </member>
        <member name="M:Divisionsmatch.frmStartListe.Dispose(System.Boolean)">
            <summary>
            Clean up any resources being used.
            </summary>
            <param name="disposing">true if managed resources should be disposed; otherwise, false.</param>
        </member>
        <member name="M:Divisionsmatch.frmStartListe.InitializeComponent">
            <summary>
            Required method for Designer support - do not modify
            the contents of this method with the code editor.
            </summary>
        </member>
        <member name="F:Divisionsmatch.frmVisDivisionsResultat.components">
            <summary>
            Required designer variable.
            </summary>
        </member>
        <member name="M:Divisionsmatch.frmVisDivisionsResultat.Dispose(System.Boolean)">
            <summary>
            Clean up any resources being used.
            </summary>
            <param name="disposing">true if managed resources should be disposed; otherwise, false.</param>
        </member>
        <member name="M:Divisionsmatch.frmVisDivisionsResultat.InitializeComponent">
            <summary>
            Required method for Designer support - do not modify
            the contents of this method with the code editor.
            </summary>
        </member>
        <member name="M:Divisionsmatch.Util.SerializeObject``1(``0,System.String,System.Xml.Serialization.XmlAttributeOverrides)">
            <summary>
            Serializes an object.
            </summary>
            <typeparam name="T"></typeparam>
            <param name="serializableObject"></param>
            <param name="fileName"></param>
            <param name="xmlAttributeOverrides"></param>
        </member>
        <member name="M:Divisionsmatch.Util.DeSerializeObject``1(System.String,System.Xml.Serialization.XmlAttributeOverrides)">
            <summary>
            Deserializes an xml file into an object list
            </summary>
            <typeparam name="T"></typeparam>
            <param name="fileName"></param>
            <param name="xmlAttributeOverrides"></param>
            <returns></returns>
        </member>
        <member name="T:Divisionsmatch.Properties.Resources">
            <summary>
              A strongly-typed resource class, for looking up localized strings, etc.
            </summary>
        </member>
        <member name="P:Divisionsmatch.Properties.Resources.ResourceManager">
            <summary>
              Returns the cached ResourceManager instance used by this class.
            </summary>
        </member>
        <member name="P:Divisionsmatch.Properties.Resources.Culture">
            <summary>
              Overrides the current thread's CurrentUICulture property for all
              resource lookups using this strongly typed resource class.
            </summary>
        </member>
        <member name="P:Divisionsmatch.Properties.Resources.chm">
            <summary>
              Looks up a localized resource of type System.Drawing.Icon similar to (Icon).
            </summary>
        </member>
        <member name="P:Divisionsmatch.Properties.Resources.minipost">
            <summary>
              Looks up a localized resource of type System.Drawing.Icon similar to (Icon).
            </summary>
        </member>
        <member name="P:Divisionsmatch.Properties.Resources.pdf">
            <summary>
              Looks up a localized resource of type System.Drawing.Icon similar to (Icon).
            </summary>
        </member>
        <member name="P:Divisionsmatch.Properties.Resources.word">
            <summary>
              Looks up a localized resource of type System.Drawing.Icon similar to (Icon).
            </summary>
        </member>
        <member name="P:RecentsToolStripMenuItem.Key">
            <summary>
            The registry key where the file names are saved.
            </summary>
            <example>
            <code>
            recentToolStripMenuItem.RegistryKey = Registry.CurrentUser.CreateSubKey("Software\\" + Application.CompanyName + "\\" + Application.ProductName + "\\Recent");
            </code>
            </example>
            <value>
            "Registry.CurrentUser.CreateSubKey("Software\\" + Application.CompanyName + "\\" + Application.ProductName + "\\Recent");"
            </value>
        </member>
        <member name="E:RecentsToolStripMenuItem.ItemClick">
            <summary>
            This is the function that is executed when a file name is selected from the list.
            </summary>
            <remarks>
            ((ToolStripDropDownItem)sender).Text can be used to find the value of the one that was clicked.
            </remarks>
            <example>
            <code>
            recentToolStripMenuItem.ItemClick += new System.EventHandler(this.recentItem_Click);
            </code>
            </example>
        </member>
        <member name="P:RecentsToolStripMenuItem.MaxItems">
            <summary>
            Maximum number of items in the list.
            </summary>
            <value>5</value>
        </member>
        <member name="M:RecentsToolStripMenuItem.UpdateList">
            <summary>
            Update the recent list with the values in the registry.
            </summary>
            <remarks>
            Use after initializing.
            </remarks>
        </member>
        <member name="M:RecentsToolStripMenuItem.AddRecentItem(System.String)">
            <summary>
            Add a file path to the recents list.
            </summary>
            <param name="filePath">
            The path to the file.
            </param>
            <example>
            <code>
            recentToolStripMenuItem.AddRecentItem(openFileDialog.FileName);
            </code>
            </example>
        </member>
        <member name="M:RecentsToolStripMenuItem.RemoveRecentItem(System.String)">
            <summary>
            Remove a file path to the recents list.
            </summary>
            <param name="filePath">
            The path to the file.
            </param>
            <example>
            <code>
            recentToolStripMenuItem.RemoveRecentItem(openFileDialog.FileName);
            </code>
            </example>
        </member>
    </members>
</doc>
